{"5.0 5.0 35.0 35.0 False": [-1000000.0, -0.19571638196319385, -1.0000000000000002, -1000000.0], "45.0 5.0 75.0 35.0 False": [0, 0, 0, 0], "85.0 5.0 115.0 35.0 False": [-1000000.0, 0.6656790356514993, 1.2274444915746416, -1.0000000000000002], "125.0 5.0 155.0 35.0 False": [-1000000.0, 0.7667199971236346, 1.8190956579685083, 0.7069733655723008], "165.0 5.0 195.0 35.0 False": [-1000000.0, -1.0000000000000002, 2.463402293583049, 1.2592704029824335], "205.0 5.0 235.0 35.0 False": [0, 0, 0, 0], "5.0 45.0 35.0 75.0 False": [-0.1867116978666952, 0.049912985291636285, -1.0000000000000002, -1000000.0], "45.0 45.0 75.0 75.0 False": [0, 0, 0, 0], "85.0 45.0 115.0 75.0 False": [0.8143057562722962, 0.5116302792226556, 0.8573848724644932, -1.0000000000000002], "125.0 45.0 155.0 75.0 False": [1.1321295852796054, 0.589863519939415, -1.0000000000000002, 0.6584314291762807], "165.0 45.0 195.0 75.0 False": [0, 0, 0, 0], "205.0 45.0 235.0 75.0 False": [0, 0, 0, 0], "5.0 85.0 35.0 115.0 False": [-0.10357200506528913, 0.17592286730774787, -1.0000000000000002, -1000000.0], "45.0 85.0 75.0 115.0 False": [0, 0, 0, 0], "85.0 85.0 115.0 115.0 False": [0.6213588994202178, 0.3764285147261797, 0.5851786261986222, -1.0000000000000002], "125.0 85.0 155.0 115.0 False": [0.7336689744240202, 0.3965527565402975, 0.3812331751470161, 0.5141994967012217], "165.0 85.0 195.0 115.0 False": [-1.0000000000000002, -1.0000000000000002, 0.3776769374506308, 0.5823981981320145], "205.0 85.0 235.0 115.0 False": [-1.0000000000000002, 0.49272309348158616, -1000000.0, 0.45882634983415765], "5.0 125.0 35.0 155.0 False": [0.03436250002083059, 0.15020148786909832, 0.22948320524265522, -1000000.0], "45.0 125.0 75.0 155.0 False": [-1.0000000000000002, 0.2240296467330554, 0.36600166876859835, 0.1150540238576457], "85.0 125.0 115.0 155.0 False": [0.47761860383153787, 0.32145578971419253, 0.4858956465512022, 0.21698262658178802], "125.0 125.0 155.0 155.0 False": [0.5968581297441266, -1.0000000000000002, -1.0000000000000002, 0.37360801717893577], "165.0 125.0 195.0 155.0 False": [0, 0, 0, 0], "205.0 125.0 235.0 155.0 False": [0.3724545770739046, 0.7563531948707447, -1000000.0, -1.0000000000000002], "5.0 165.0 35.0 195.0 False": [0.14664994452157057, 0.07780750765994075, 0.2426346996057905, -1000000.0], "45.0 165.0 75.0 195.0 False": [0.2477038972183393, 0.18130586367473486, 0.31879577642059853, 0.1584770644795485], "85.0 165.0 115.0 195.0 False": [0.3943032833710562, 0.24455135369328232, -1.0000000000000002, 0.24547972782498328], "125.0 165.0 155.0 195.0 False": [0, 0, 0, 0], "165.0 165.0 195.0 195.0 False": [0, 0, 0, 0], "205.0 165.0 235.0 195.0 False": [0.35566356070461413, 0, -1000000.0, 0.9999999999999999], "5.0 205.0 35.0 235.0 False": [0.15616879329776737, -1000000.0, 0.17799153605208334, -1000000.0], "45.0 205.0 75.0 235.0 False": [0.21141351844083384, -1000000.0, 0.24693768685464018, 0.11850349469038665], "85.0 205.0 115.0 235.0 False": [0.3170173721245888, -1000000.0, 0.10944911784811397, 0.1565182474630463], "125.0 205.0 155.0 235.0 False": [-1.0000000000000002, -1000000.0, 0.08733896513520986, 0.25155366873154944], "165.0 205.0 195.0 235.0 False": [0, 0, 0.07604812033717578, 0.0827278389646698], "205.0 205.0 235.0 235.0 False": [0, 0, -1000000.0, 0.08621209204830652], "5.0 5.0 35.0 35.0 True": [0, 0, 0, 0], "45.0 5.0 75.0 35.0 True": [0, 0, 0, 0], "85.0 5.0 115.0 35.0 True": [-1000000.0, 0.053150189118534155, 0.025617190183400557, -1.0000000000000002], "125.0 5.0 155.0 35.0 True": [-1000000.0, 0.05912317544171052, -0.0014751340027214128, 0.03159546147691377], "165.0 5.0 195.0 35.0 True": [-1000000.0, -1.0000000000000002, -0.2970006474202047, 0.025903973821101673], "205.0 5.0 235.0 35.0 True": [-1000000.0, -1.0000000000000002, -1000000.0, -0.0037899054737363137], "5.0 45.0 35.0 75.0 True": [0, 0.042772960842177674, 0, 0], "45.0 45.0 75.0 75.0 True": [0, 0, 0, 0], "85.0 45.0 115.0 75.0 True": [0.02811226576102233, 0.08932533160957257, 0.07073592134543487, -1.0000000000000002], "125.0 45.0 155.0 75.0 True": [0.030226991629548994, 0.08387973957612933, -1.0000000000000002, 0.05269566815292487], "165.0 45.0 195.0 75.0 True": [0, 0, 0, 0], "205.0 45.0 235.0 75.0 True": [0, 0, 0, 0], "5.0 85.0 35.0 115.0 True": [0.013094366510659153, 0.0626568384376863, -1.0000000000000002, -1000000.0], "45.0 85.0 75.0 115.0 True": [0, 0, 0, 0], "85.0 85.0 115.0 115.0 True": [0.04705453488430325, 0.10529574738069405, 0.12262587874192635, -1.0000000000000002], "125.0 85.0 155.0 115.0 True": [0.07432136976902513, 0.07846332573897176, 0.14588150917081255, 0.08278994732445233], "165.0 85.0 195.0 115.0 True": [-1.0000000000000002, -1.0000000000000002, 0.17333885427660434, 0.08936204076550676], "205.0 85.0 235.0 115.0 True": [-1.0000000000000002, 0.41579500032809413, -1000000.0, 0.14627286172990564], "5.0 125.0 35.0 155.0 True": [0.027519792686031663, 0.08013177290158255, 0.08297176139462803, -1000000.0], "45.0 125.0 75.0 155.0 True": [-1.0000000000000002, 0.11688775284546474, 0.0975298773582141, 0.04586381040998558], "85.0 125.0 115.0 155.0 True": [0.073229164024489, 0.14793846246255726, 0.07595453308444602, 0.0877902669297373], "125.0 125.0 155.0 155.0 True": [0.07633989831351976, -1.0000000000000002, -1.0000000000000002, 0.11209191440468244], "165.0 125.0 195.0 155.0 True": [0, 0, 0, 0], "205.0 125.0 235.0 155.0 True": [0.37190582371689734, 0.6733339068515511, -1000000.0, -1.0000000000000002], "5.0 165.0 35.0 195.0 True": [0.057647871976206105, 0.10569788516007622, 0.11232169011411607, -1000000.0], "45.0 165.0 75.0 195.0 True": [0.08748353980669944, 0, 0.15829942207270548, 0.07274524305110203], "85.0 165.0 115.0 195.0 True": [0.08967308862121477, 0.3447530295802621, -1.0000000000000002, 0.08218449864601017], "125.0 165.0 155.0 195.0 True": [0, 0, 0, 0], "165.0 165.0 195.0 195.0 True": [0, 0, 0, 0], "205.0 165.0 235.0 195.0 True": [0.47889706188315545, 0.5804574542214751, -1000000.0, 0.9999999999999999], "5.0 205.0 35.0 235.0 True": [0.07309818204109712, -1000000.0, 0.2028102853292278, 0], "45.0 205.0 75.0 235.0 True": [0, 0, 0.2695085722874904, 0.13554640714980631], "85.0 205.0 115.0 235.0 True": [0.1693150030865987, -1000000.0, 0.3966345858077236, 0.13165834137994198], "125.0 205.0 155.0 235.0 True": [0, 0, 0.7894823554463295, 0], "165.0 205.0 195.0 235.0 True": [0.9999999999999999, -1000000.0, 0, 0], "205.0 205.0 235.0 235.0 True": [0.7949154760307311, 0, 0, 0]}