{"5.0 5.0 35.0 35.0 False": [-1000000.0, 0.4565498428016581, -1.0000000000000002, -1000000.0], "45.0 5.0 75.0 35.0 False": [0, 0, 0, 0], "85.0 5.0 115.0 35.0 False": [-1000000.0, 1.0451710032900503, 1.74024923185048, -1.0000000000000002], "125.0 5.0 155.0 35.0 False": [-1000000.0, 1.3926762058524298, 2.2404878469547485, 1.3422803714061038], "165.0 5.0 195.0 35.0 False": [-1000000.0, -1.0000000000000002, 2.913716215711891, 1.7705382100536535], "205.0 5.0 235.0 35.0 False": [0, 0, 0, 0], "5.0 45.0 35.0 75.0 False": [0.36638418185067667, 0.4809629103877866, 0.7196775719795665, -1000000.0], "45.0 45.0 75.0 75.0 False": [-1.0000000000000002, 0.6606699652966768, 1.0248325986402684, 0.502256983606723], "85.0 45.0 115.0 75.0 False": [1.2698065713358133, 0.84046169548421, 1.3447767511018591, 0.730782404531074], "125.0 45.0 155.0 75.0 False": [1.7456939975077757, 1.0908113740412688, -1.0000000000000002, 1.0464586756491543], "165.0 45.0 195.0 75.0 False": [0, 0, 0, 0], "205.0 45.0 235.0 75.0 False": [0, 0, 0, 0], "5.0 85.0 35.0 115.0 False": [0.513264567195502, 0.42819589989303763, 0.6673264973467243, -1000000.0], "45.0 85.0 75.0 115.0 False": [0.7462181578585957, 0.5437326986919934, 0.8543678860602404, 0.5065287171193422], "85.0 85.0 115.0 115.0 False": [1.0599173225953284, 0.6818254263754022, 1.0493535209527123, 0.6736185703721792], "125.0 85.0 155.0 115.0 False": [1.3770014700926847, 0.8746529894861134, 0.8230187241386291, 0.8503903580002787], "165.0 85.0 195.0 115.0 False": [-1.0000000000000002, -1.0000000000000002, 0.6243268577446719, 1.091984905734456], "205.0 85.0 235.0 115.0 False": [-1.0000000000000002, -8.624450887413635e-42, -1000000.0, 0.804133755083096], "5.0 125.0 35.0 155.0 False": [0.4534029703594887, 0.3431090603886853, 0.5473974229241425, -1000000.0], "45.0 125.0 75.0 155.0 False": [0.6777225742684329, 0.4342066600042573, 0.6886731621560321, 0.4233506087439418], "85.0 125.0 115.0 155.0 False": [0.8393238623341912, 0.5462199077070731, 0.8739287516650158, 0.5428119175336938], "125.0 125.0 155.0 155.0 False": [1.097978207445406, -1.0000000000000002, -1.0000000000000002, 0.680818990667062], "165.0 125.0 195.0 155.0 False": [0, 0, 0, 0], "205.0 125.0 235.0 155.0 False": [0, 0, 0, -1.0000000000000002], "5.0 165.0 35.0 195.0 False": [0.4295876068324173, 0.27374921916633055, 0.43516496056396214, -1000000.0], "45.0 165.0 75.0 195.0 False": [0.5433302513590906, 0.32345121651516456, 0.5414538366631977, 0.3257494888818265], "85.0 165.0 115.0 195.0 False": [0.6762855895863876, 0.43292345777207064, -1.0000000000000002, 0.43508105675093384], "125.0 165.0 155.0 195.0 False": [0, 0, 0, 0], "165.0 165.0 195.0 195.0 False": [0, 0, 0, 0], "205.0 165.0 235.0 195.0 False": [0, 0, 0, 0], "5.0 205.0 35.0 235.0 False": [0.3431930556715688, -1000000.0, 0.34528133642835385, -1000000.0], "45.0 205.0 75.0 235.0 False": [0.4326884141414171, -1000000.0, 0.3813368306051093, 0.27024604733630425], "85.0 205.0 115.0 235.0 False": [0.5433886716014601, -1000000.0, 0.32261609111447703, 0.34603068714098245], "125.0 205.0 155.0 235.0 False": [-1.0000000000000002, -1000000.0, 0.2278036574234872, 0.4363127037441138], "165.0 205.0 195.0 235.0 False": [0, 0, 0, 0.3456360455777966], "205.0 205.0 235.0 235.0 False": [0, 0, 0, 0], "5.0 5.0 35.0 35.0 True": [-1000000.0, 0.02235171022673185, -0.9999999999999999, -1000000.0], "45.0 5.0 75.0 35.0 True": [0, 0, 0, 0], "85.0 5.0 115.0 35.0 True": [-1000000.0, 0.045773564788701857, 0.029465122485877963, -0.9999999999999999], "125.0 5.0 155.0 35.0 True": [-1000000.0, 0.04930640060154036, -0.005098632591830396, 0.03209291370569092], "165.0 5.0 195.0 35.0 True": [-1000000.0, -1.0000000000000002, -0.010973719917551495, 0.025751771413235824], "205.0 5.0 235.0 35.0 True": [-1000000.0, -1.0000000000000002, -1000000.0, 0.004216308211844081], "5.0 45.0 35.0 75.0 True": [0.015783294881268048, 0.024557031230085537, 0.030308054768819932, -1000000.0], "45.0 45.0 75.0 75.0 True": [-0.9999999999999999, 0.032160229118642414, 0.04621735936496535, 0.02342048549544428], "85.0 45.0 115.0 75.0 True": [0.027960900798374908, 0.06448691406610131, 0.0588773136670996, 0.03349263447401248], "125.0 45.0 155.0 75.0 True": [0.0352100133430358, 0.09633903649190541, -0.9999999999999999, 0.046364624476746184], "165.0 45.0 195.0 75.0 True": [0, 0, 0, 0], "205.0 45.0 235.0 75.0 True": [0, 0, 0, 0], "5.0 85.0 35.0 115.0 True": [0.023961507406275822, 0.023520088624158296, 0.03358351208161882, -1000000.0], "45.0 85.0 75.0 115.0 True": [0.03347723272390937, 0.03885737755036642, 0.051936143005833525, 0.022365380845441866], "85.0 85.0 115.0 115.0 True": [0.04498072331347468, 0.05158772634916246, 0.07281934463036481, 0.0326477971337728], "125.0 85.0 155.0 115.0 True": [0.038982967178140544, 0.0786706880836335, 0.13741010096360506, 0.051306455721202016], "165.0 85.0 195.0 115.0 True": [-0.9999999999999999, -0.9999999999999999, 0.29724534681300746, 0.085197988399528], "205.0 85.0 235.0 115.0 True": [0, 0.4952640430437329, 0, 0], "5.0 125.0 35.0 155.0 True": [0.02672540392040282, 0.02336650416721007, 0.03767682745490925, -1000000.0], "45.0 125.0 75.0 155.0 True": [0.03025552144499676, 0.032933059933875415, 0.060177021769739936, 0.023515826415061194], "85.0 125.0 115.0 155.0 True": [0.05575879109518061, 0.04350973043582788, 0.0772448211331107, 0.03754737377713106], "125.0 125.0 155.0 155.0 True": [0.0988824296193382, -0.9999999999999999, -0.9999999999999999, 0.05738210279862212], "165.0 125.0 195.0 155.0 True": [0, 0, 0, 0], "205.0 125.0 235.0 155.0 True": [0, 0.6959198003354672, -1000000.0, 0], "5.0 165.0 35.0 195.0 True": [0.02387542079423725, 0.019483270366159985, 0.02835235797168043, -1000000.0], "45.0 165.0 75.0 195.0 True": [0.038343161117988286, 0.026446228683422633, 0.044278537846428385, 0.0198008720662093], "85.0 165.0 115.0 195.0 True": [0.06014072751324721, 0.03304893443534922, -1.0000000000000002, 0.033099763237424897], "125.0 165.0 155.0 195.0 True": [0, 0, 0, 0], "165.0 165.0 195.0 195.0 True": [0, 0, 0, 0], "205.0 165.0 235.0 195.0 True": [0, 0, 0, 0.9999999999999999], "5.0 205.0 35.0 235.0 True": [0.022093658943153814, -1000000.0, 0.022372006009183987, -1000000.0], "45.0 205.0 75.0 235.0 True": [0.03227728726680059, -1000000.0, 0.03446015374984297, 0.01725935755746041], "85.0 205.0 115.0 235.0 True": [0.04486293176880615, -1000000.0, -5.125915370152611e-39, 0.02691585164309738], "125.0 205.0 155.0 235.0 True": [-0.9999999999999999, 0, -1.627016644881805e-40, 0], "165.0 205.0 195.0 235.0 True": [0, 0, -4.1937874804657674e-42, -2.1956097602456404e-38], "205.0 205.0 235.0 235.0 True": [0, 0, -1000000.0, -1.0840847346735312e-41]}